sent_idx	tok_idx	pos	dep
0	0	INTJ	ROOT
0	1	PUNCT	punct
0	2	PROPN	punct
0	3	PUNCT	punct
1	0	DET	det
1	1	PROPN	ROOT
1	2	ADP	prep
1	3	DET	det
1	4	PROPN	pobj
1	5	ADP	prep
1	6	PROPN	compound
1	7	PROPN	pobj
1	8	CCONJ	cc
1	9	PROPN	conj
1	10	ADP	prep
1	11	DET	det
1	12	PROPN	compound
1	13	PROPN	pobj
1	14	PUNCT	punct
2	0	PROPN	nsubj
2	1	ADP	prep
2	2	DET	det
2	3	NOUN	pobj
2	4	ADP	prep
2	5	DET	det
2	6	PROPN	pobj
2	7	ADP	prep
2	8	PROPN	compound
2	9	PROPN	pobj
2	10	PUNCT	punct
2	11	DET	det
2	12	NOUN	amod
2	13	PROPN	nsubj
2	14	AUX	aux
2	15	AUX	ROOT
2	16	ADP	prep
2	17	DET	det
2	18	ADJ	amod
2	19	NOUN	pobj
2	20	ADP	prep
2	21	DET	det
2	22	NOUN	pobj
2	23	CCONJ	cc
2	24	NOUN	conj
2	25	ADP	prep
2	26	DET	det
2	27	PROPN	pobj
2	28	PUNCT	punct
2	29	ADP	prep
2	30	DET	det
2	31	NOUN	pobj
2	32	ADP	prep
2	33	ADJ	amod
2	34	NOUN	pobj
2	35	CCONJ	cc
2	36	NOUN	conj
2	37	PUNCT	punct
3	0	PRON	nsubj
3	1	AUX	ROOT
3	2	ADJ	acomp
3	3	PART	aux
3	4	VERB	xcomp
3	5	DET	det
3	6	NOUN	dobj
3	7	ADP	prep
3	8	DET	det
3	9	ADJ	amod
3	10	NOUN	pobj
3	11	ADP	prep
3	12	PROPN	pobj
3	13	CCONJ	cc
3	14	PROPN	conj
3	15	ADP	prep
3	16	VERB	pcomp
3	17	NOUN	dobj
3	18	ADP	prep
3	19	NOUN	pobj
3	20	CCONJ	cc
3	21	NOUN	conj
3	22	ADP	prep
3	23	DET	det
3	24	NOUN	pobj
3	25	ADP	prep
3	26	PRON	pobj
3	27	PRON	nsubj
3	28	AUX	relcl
3	29	ADV	advmod
3	30	VERB	acomp
3	31	PUNCT	punct
3	32	CCONJ	cc
3	33	ADP	conj
3	34	DET	det
3	35	ADJ	amod
3	36	NOUN	pobj
3	37	ADP	prep
3	38	NOUN	pobj
3	39	ADP	prep
3	40	PRON	pobj
3	41	PRON	nsubjpass
3	42	AUX	auxpass
3	43	VERB	relcl
3	44	ADP	prep
3	45	DET	det
3	46	NOUN	pobj
3	47	ADP	prep
3	48	ADJ	amod
3	49	NOUN	pobj
3	50	ADP	prep
3	51	DET	det
3	52	NOUN	pobj
3	53	ADP	prep
3	54	NOUN	pobj
3	55	CCONJ	cc
3	56	NOUN	conj
3	57	PUNCT	punct
4	0	SCONJ	mark
4	1	PRON	nsubj
4	2	VERB	advcl
4	3	ADJ	amod
4	4	NOUN	dobj
4	5	PUNCT	punct
4	6	PRON	nsubj
4	7	ADV	advmod
4	8	VERB	ROOT
4	9	ADP	prep
4	10	ADV	advmod
4	11	PUNCT	punct
4	12	VERB	amod
4	13	NOUN	pobj
4	14	ADP	prep
4	15	DET	det
4	16	ADJ	amod
4	17	NOUN	pobj
4	18	PRON	nsubj
4	19	AUX	relcl
4	20	PART	aux
4	21	VERB	xcomp
4	22	PUNCT	punct
5	0	SCONJ	prep
5	1	ADV	pcomp
5	2	CCONJ	cc
5	3	ADV	advmod
5	4	NOUN	conj
5	5	ADP	prep
5	6	NOUN	pobj
5	7	ADJ	amod
5	8	PART	aux
5	9	VERB	advcl
5	10	PUNCT	punct
5	11	PRON	nsubj
5	12	VERB	ROOT
5	13	PRON	dobj
5	14	ADP	prep
5	15	DET	det
5	16	NOUN	pobj
5	17	ADP	prep
5	18	NOUN	pobj
5	19	PUNCT	punct
5	20	VERB	advcl
5	21	ADP	prep
5	22	DET	det
5	23	NOUN	pobj
5	24	SCONJ	mark
5	25	DET	det
5	26	ADJ	amod
5	27	NOUN	nsubj
5	28	ADP	prep
5	29	PRON	pobj
5	30	AUX	acl
5	31	ADV	advmod
5	32	PART	aux
5	33	AUX	auxpass
5	34	VERB	xcomp
5	35	ADP	agent
5	36	DET	det
5	37	ADJ	amod
5	38	NOUN	pobj
5	39	ADP	prep
5	40	NOUN	pobj
5	41	CCONJ	cc
5	42	NOUN	compound
5	43	NOUN	conj
5	44	PUNCT	punct
6	0	SCONJ	mark
6	1	ADJ	amod
6	2	NOUN	nsubj
6	3	ADP	prep
6	4	NOUN	pobj
6	5	VERB	advcl
6	6	ADP	advmod
6	7	ADP	prep
6	8	DET	det
6	9	NOUN	pobj
6	10	PUNCT	punct
6	11	SCONJ	mark
6	12	PRON	nsubj
6	13	VERB	advcl
6	14	PRON	dobj
6	15	ADP	prep
6	16	DET	det
6	17	ADJ	amod
6	18	CCONJ	cc
6	19	ADJ	conj
6	20	NOUN	pobj
6	21	PUNCT	punct
6	22	PRON	nsubj
6	23	ADP	prep
6	24	DET	det
6	25	ADJ	amod
6	26	NOUN	pobj
6	27	VERB	ROOT
6	28	PRON	dobj
6	29	PART	aux
6	30	VERB	xcomp
6	31	SCONJ	mark
6	32	DET	det
6	33	NOUN	nsubj
6	34	ADP	prep
6	35	NOUN	pobj
6	36	AUX	aux
6	37	VERB	ccomp
6	38	DET	det
6	39	NOUN	dobj
6	40	CCONJ	cc
6	41	VERB	conj
6	42	DET	det
6	43	NOUN	dobj
6	44	ADP	prep
6	45	DET	det
6	46	ADJ	amod
6	47	NOUN	pobj
6	48	CCONJ	cc
6	49	ADJ	amod
6	50	NOUN	conj
6	51	ADP	prep
6	52	PRON	pobj
6	53	DET	det
6	54	VERB	amod
6	55	NOUN	nsubj
6	56	PRON	nsubj
6	57	VERB	relcl
6	58	PRON	dobj
6	59	AUX	aux
6	60	AUX	relcl
6	61	ADV	advmod
6	62	ADV	advmod
6	63	VERB	acomp
6	64	PUNCT	punct
7	0	ADP	prep
7	1	DET	det
7	2	NOUN	pobj
7	3	PRON	nsubj
7	4	VERB	relcl
7	5	DET	det
7	6	NOUN	dobj
7	7	ADP	prep
7	8	DET	det
7	9	NOUN	pobj
7	10	DET	det
7	11	NOUN	nsubj
7	12	ADP	prep
7	13	NOUN	pobj
7	14	AUX	aux
7	15	VERB	ROOT
7	16	NOUN	dobj
7	17	PUNCT	punct
7	18	PART	preconj
7	19	ADV	advmod
7	20	ADP	prep
7	21	DET	det
7	22	NOUN	pobj
7	23	ADP	prep
7	24	ADJ	amod
7	25	NOUN	pobj
7	26	PUNCT	punct
7	27	CCONJ	cc
7	28	ADP	conj
7	29	DET	det
7	30	ADJ	amod
7	31	NOUN	pobj
7	32	ADP	prep
7	33	ADJ	amod
7	34	NOUN	pobj
7	35	PUNCT	punct
8	0	PRON	nsubj
8	1	AUX	aux
8	2	VERB	ROOT
8	3	DET	det
8	4	ADJ	amod
8	5	NOUN	dobj
8	6	ADP	prep
8	7	ADJ	amod
8	8	ADP	prep
8	9	DET	det
8	10	NOUN	pobj
8	11	ADP	prep
8	12	NOUN	pobj
8	13	PUNCT	punct
8	14	CCONJ	cc
8	15	AUX	aux
8	16	VERB	conj
8	17	PRON	dobj
8	18	ADP	prep
8	19	ADJ	amod
8	20	NOUN	pobj
8	21	ADP	prep
8	22	PRON	poss
8	23	NOUN	pobj
8	24	CCONJ	cc
8	25	NOUN	conj
8	26	PUNCT	punct
9	0	ADV	advmod
9	1	ADP	prep
9	2	NOUN	pobj
9	3	PUNCT	punct
9	4	ADJ	amod
9	5	NOUN	nsubj
9	6	VERB	acl
9	7	ADP	prep
9	8	DET	det
9	9	NOUN	pobj
9	10	ADP	prep
9	11	NOUN	pobj
9	12	PUNCT	punct
9	13	PRON	nsubj
9	14	AUX	aux
9	15	VERB	relcl
9	16	ADP	prep
9	17	NOUN	pobj
9	18	PUNCT	punct
9	19	AUX	aux
9	20	PUNCT	punct
9	21	ADP	prep
9	22	DET	det
9	23	ADJ	amod
9	24	ADJ	amod
9	25	NOUN	pobj
9	26	PUNCT	punct
9	27	VERB	ROOT
9	28	PRON	poss
9	29	ADJ	amod
9	30	NOUN	dobj
9	31	PUNCT	punct
10	0	CCONJ	cc
10	1	PUNCT	punct
10	2	PRON	compound
10	3	NOUN	npadvmod
10	4	PUNCT	punct
10	5	PROPN	nsubj
10	6	AUX	aux
10	7	AUX	ROOT
10	8	DET	det
10	9	ADJ	amod
10	10	CCONJ	cc
10	11	ADJ	conj
10	12	NOUN	attr
10	13	ADP	prep
10	14	ADJ	amod
10	15	NOUN	pobj
10	16	PUNCT	punct
10	17	PART	neg
10	18	ADV	advmod
10	19	ADJ	amod
10	20	PUNCT	punct
10	21	PRON	nsubj
10	22	AUX	aux
10	23	AUX	relcl
10	24	ADV	advmod
10	25	ADJ	amod
10	26	NOUN	attr
10	27	ADP	prep
10	28	PRON	poss
10	29	NOUN	pobj
10	30	PUNCT	punct
11	0	CCONJ	cc
11	1	PRON	nsubj
11	2	AUX	ROOT
11	3	PART	neg
11	4	PART	aux
11	5	AUX	auxpass
11	6	VERB	xcomp
11	7	SCONJ	mark
11	8	DET	det
11	9	NOUN	nsubj
11	10	PRON	nsubj
11	11	AUX	aux
11	12	VERB	relcl
11	13	ADP	prep
11	14	ADJ	amod
11	15	NOUN	pobj
11	16	AUX	ccomp
11	17	ADV	advmod
11	18	ADV	advmod
11	19	NOUN	attr
11	20	ADP	prep
11	21	DET	det
11	22	NOUN	pobj
11	23	ADP	prep
11	24	PRON	pobj
11	25	PRON	nsubjpass
11	26	AUX	auxpass
11	27	VERB	relcl
11	28	PUNCT	punct
12	0	SCONJ	mark
12	1	PRON	nsubjpass
12	2	AUX	aux
12	3	AUX	auxpass
12	4	VERB	advcl
12	5	ADJ	oprd
12	6	PART	aux
12	7	AUX	aux
12	8	VERB	amod
12	9	NOUN	oprd
12	10	ADP	prep
12	11	DET	det
12	12	ADV	advmod
12	13	ADJ	amod
12	14	NOUN	pobj
12	15	PUNCT	punct
12	16	DET	det
12	17	VERB	amod
12	18	NOUN	nsubjpass
12	19	ADP	prep
12	20	NOUN	pobj
12	21	AUX	aux
12	22	AUX	aux
12	23	AUX	auxpass
12	24	VERB	ROOT
12	25	PART	aux
12	26	VERB	xcomp
12	27	DET	det
12	28	NOUN	dobj
12	29	ADP	prep
12	30	DET	det
12	31	NOUN	pobj
12	32	ADP	prep
12	33	NOUN	pobj
12	34	ADP	prep
12	35	ADJ	amod
12	36	PUNCT	punct
13	0	DET	det
13	1	NOUN	nsubj
13	2	ADP	prep
13	3	NOUN	pobj
13	4	PUNCT	punct
13	5	ADV	advmod
13	6	PUNCT	punct
13	7	ADP	prep
13	8	ADJ	amod
13	9	ADJ	amod
13	10	NOUN	pobj
13	11	PUNCT	punct
13	12	AUX	aux
13	13	VERB	ROOT
13	14	ADJ	amod
13	15	NOUN	dobj
13	16	PUNCT	punct
14	0	DET	det
14	1	NOUN	nsubj
14	2	ADP	prep
14	3	ADJ	amod
14	4	NOUN	pobj
14	5	AUX	ROOT
14	6	ADV	advmod
14	7	ADV	advmod
14	8	VERB	acomp
14	9	PUNCT	punct
14	10	PRON	nsubjpass
14	11	AUX	auxpass
14	12	CCONJ	preconj
14	13	PART	neg
14	14	VERB	advcl
14	15	ADV	advmod
14	16	ADV	advmod
14	17	PUNCT	punct
14	18	CCONJ	cc
14	19	ADV	advmod
14	20	VERB	conj
14	21	ADP	prep
14	22	DET	det
14	23	NOUN	pobj
14	24	PUNCT	punct
15	0	DET	det
15	1	ADJ	amod
15	2	NOUN	nsubj
15	3	ADP	prep
15	4	NOUN	pobj
15	5	ADP	prep
15	6	ADJ	amod
15	7	NOUN	pobj
15	8	PUNCT	punct
15	9	DET	det
15	10	NOUN	dep
15	11	ADP	prep
15	12	ADJ	amod
15	13	NOUN	pobj
15	14	CCONJ	cc
15	15	NOUN	conj
15	16	PUNCT	punct
15	17	DET	det
15	18	NOUN	dep
15	19	ADP	prep
15	20	NOUN	pobj
15	21	VERB	acl
15	22	ADP	prep
15	23	NOUN	pobj
15	24	VERB	acl
15	25	PRON	poss
15	26	NOUN	dobj
15	27	ADP	prep
15	28	ADJ	amod
15	29	NOUN	pobj
15	30	PUNCT	punct
15	31	DET	det
15	32	NOUN	conj
15	33	ADP	prep
15	34	DET	det
15	35	NOUN	pobj
15	36	ADP	prep
15	37	DET	det
15	38	NOUN	pobj
15	39	ADP	prep
15	40	NOUN	pobj
15	41	ADP	prep
15	42	PRON	poss
15	43	ADJ	amod
15	44	NOUN	pobj
15	45	PUNCT	punct
15	46	PRON	nsubj
15	47	AUX	ROOT
15	48	ADV	advmod
15	49	ADJ	amod
15	50	NOUN	attr
15	51	PUNCT	punct
15	52	CCONJ	cc
15	53	AUX	aux
15	54	VERB	conj
15	55	PRON	poss
15	56	ADJ	amod
15	57	NOUN	dobj
15	58	ADP	prep
15	59	NOUN	pobj
15	60	ADP	prep
15	61	ADJ	amod
15	62	NOUN	pobj
15	63	PUNCT	punct
16	0	PRON	nsubj
16	1	AUX	ROOT
16	2	NOUN	acomp
16	3	PUNCT	punct
16	4	CCONJ	cc
16	5	ADJ	amod
16	6	NOUN	conj
16	7	PUNCT	punct
16	8	ADP	prep
16	9	PRON	pobj
16	10	DET	det
16	11	NOUN	nsubjpass
16	12	ADP	prep
16	13	ADJ	amod
16	14	NOUN	pobj
16	15	AUX	aux
16	16	AUX	auxpass
16	17	VERB	relcl
16	18	CCONJ	cc
16	19	PRON	poss
16	20	NOUN	punct
16	21	VERB	acl
16	22	CCONJ	cc
16	23	VERB	conj
16	24	PUNCT	punct
17	0	ADP	prep
17	1	DET	det
17	2	NOUN	pobj
17	3	ADP	prep
17	4	NOUN	pobj
17	5	PRON	nsubj
17	6	VERB	relcl
17	7	ADP	prep
17	8	DET	det
17	9	NOUN	pobj
17	10	ADP	prep
17	11	ADJ	amod
17	12	NOUN	pobj
17	13	ADP	prep
17	14	ADJ	amod
17	15	NOUN	pobj
17	16	PUNCT	punct
17	17	PRON	nsubj
17	18	AUX	aux
17	19	VERB	advcl
17	20	PUNCT	punct
17	21	ADV	advmod
17	22	ADJ	advcl
17	23	PRON	nsubj
17	24	AUX	aux
17	25	VERB	ccomp
17	26	ADP	prep
17	27	PRON	pobj
17	28	PUNCT	punct
17	29	PART	aux
17	30	VERB	advcl
17	31	NUM	dobj
17	32	ADJ	amod
17	33	PUNCT	punct
17	34	ADP	prep
17	35	DET	det
17	36	NOUN	pobj
17	37	PRON	nsubjpass
17	38	AUX	aux
17	39	AUX	auxpass
17	40	VERB	relcl
17	41	DET	det
17	42	NOUN	dobj
17	43	ADP	prep
17	44	DET	det
17	45	NOUN	pobj
17	46	ADP	prep
17	47	DET	det
17	48	ADJ	amod
17	49	PROPN	pobj
17	50	PUNCT	punct
17	51	PRON	nsubj
17	52	VERB	ROOT
17	53	DET	det
17	54	PROPN	dobj
17	55	ADP	prep
17	56	DET	det
17	57	NOUN	pobj
17	58	ADP	prep
17	59	PRON	pobj
17	60	ADJ	amod
17	61	NOUN	nsubj
17	62	AUX	relcl
17	63	PART	aux
17	64	VERB	xcomp
17	65	PUNCT	punct
17	66	CCONJ	preconj
17	67	ADP	prep
17	68	NOUN	pobj
17	69	ADP	prep
17	70	DET	det
17	71	NOUN	pobj
17	72	ADP	prep
17	73	DET	det
17	74	ADJ	amod
17	75	NOUN	pobj
17	76	CCONJ	cc
17	77	ADP	conj
17	78	DET	det
17	79	NOUN	pobj
17	80	ADP	prep
17	81	ADJ	amod
17	82	ADJ	amod
17	83	NOUN	pobj
17	84	ADP	prep
17	85	NUM	nummod
17	86	ADJ	amod
17	87	PROPN	pobj
17	88	PUNCT	punct
18	0	DET	det
18	1	NOUN	nsubj
18	2	AUX	ROOT
18	3	PRON	mark
18	4	PRON	nsubj
18	5	ADV	advmod
18	6	VERB	relcl
18	7	DET	det
18	8	NOUN	dobj
18	9	ADP	prep
18	10	NOUN	pobj
18	11	PUNCT	punct
19	0	PRON	nsubj
19	1	AUX	aux
19	2	PUNCT	punct
19	3	ADV	advmod
19	4	PUNCT	punct
19	5	AUX	ROOT
19	6	ADP	prep
19	7	NOUN	pobj
19	8	PART	aux
19	9	VERB	acl
19	10	DET	det
19	11	NOUN	dobj
19	12	ADP	prep
19	13	PRON	poss
19	14	NOUN	pobj
19	15	ADP	prep
19	16	DET	det
19	17	ADJ	amod
19	18	PROPN	pobj
19	19	PUNCT	punct
19	20	PRON	nsubjpass
19	21	AUX	aux
19	22	AUX	auxpass
19	23	VERB	relcl
19	24	ADP	prep
19	25	ADP	prep
19	26	DET	det
19	27	NOUN	pobj
19	28	PUNCT	punct
20	0	DET	det
20	1	NOUN	nsubj
20	2	ADP	prep
20	3	DET	det
20	4	PROPN	pobj
20	5	PUNCT	punct
20	6	ADV	advmod
20	7	ADV	advmod
20	8	PART	aux
20	9	VERB	advcl
20	10	NOUN	dobj
20	11	CCONJ	cc
20	12	PART	aux
20	13	VERB	conj
20	14	DET	det
20	15	ADJ	amod
20	16	NOUN	dobj
20	17	ADP	prep
20	18	PROPN	pobj
20	19	PUNCT	punct
20	20	SCONJ	mark
20	21	PART	aux
20	22	VERB	advcl
20	23	PRON	poss
20	24	ADJ	amod
20	25	NOUN	dobj
20	26	CCONJ	cc
20	27	NOUN	conj
20	28	PUNCT	punct
20	29	AUX	ROOT
20	30	ADP	prep
20	31	NOUN	pobj
20	32	PART	neg
20	33	DET	det
20	34	ADJ	amod
20	35	NOUN	attr
20	36	PUNCT	punct
21	0	PRON	nsubjpass
21	1	AUX	aux
21	2	AUX	auxpass
21	3	VERB	ROOT
21	4	SCONJ	prep
21	5	ADP	prep
21	6	ADJ	amod
21	7	NOUN	pobj
21	8	CCONJ	cc
21	9	NOUN	conj
21	10	PUNCT	punct
21	11	CCONJ	cc
21	12	AUX	aux
21	13	VERB	conj
21	14	DET	det
21	15	NOUN	dobj
21	16	ADP	prep
21	17	DET	det
21	18	ADV	advmod
21	19	VERB	amod
21	20	NOUN	pobj
21	21	ADP	prep
21	22	DET	det
21	23	NOUN	pobj
21	24	ADP	prep
21	25	NOUN	pobj
21	26	PUNCT	punct
22	0	DET	det
22	1	NOUN	nsubj
22	2	ADP	prep
22	3	DET	det
22	4	NOUN	pobj
22	5	VERB	acl
22	6	AUX	aux
22	7	PUNCT	punct
22	8	ADP	prep
22	9	ADJ	amod
22	10	NOUN	pobj
22	11	PUNCT	punct
22	12	VERB	ROOT
22	13	CCONJ	cc
22	14	VERB	conj
22	15	DET	det
22	16	NOUN	dobj
22	17	ADP	prep
22	18	PROPN	pobj
22	19	ADP	prep
22	20	DET	det
22	21	NOUN	pobj
22	22	ADP	prep
22	23	DET	det
22	24	VERB	amod
22	25	NOUN	pobj
22	26	ADP	prep
22	27	DET	det
22	28	ADJ	amod
22	29	NOUN	pobj
22	30	PUNCT	punct
23	0	CCONJ	cc
23	1	PRON	nsubj
23	2	VERB	ROOT
23	3	PART	neg
23	4	PART	aux
23	5	AUX	aux
23	6	AUX	auxpass
23	7	VERB	xcomp
23	8	ADP	prep
23	9	DET	det
23	10	NOUN	pobj
23	11	ADP	prep
23	12	DET	det
23	13	ADJ	amod
23	14	NOUN	pobj
23	15	VERB	acl
23	16	ADP	prep
23	17	DET	det
23	18	NOUN	pobj
23	19	ADP	prep
23	20	PRON	poss
23	21	NOUN	pobj
23	22	PUNCT	punct
23	23	CCONJ	cc
23	24	PART	aux
23	25	AUX	aux
23	26	VERB	conj
23	27	ADP	prep
23	28	DET	det
23	29	NOUN	pobj
23	30	ADP	prep
23	31	DET	det
23	32	NOUN	pobj
23	33	PART	prep
23	34	PRON	pobj
23	35	PRON	nsubj
23	36	VERB	relcl
23	37	ADP	prep
23	38	ADJ	amod
23	39	ADJ	amod
23	40	NOUN	pobj
23	41	PUNCT	punct
24	0	SCONJ	advmod
24	1	PROPN	nsubj
24	2	VERB	advcl
24	3	DET	det
24	4	ADJ	amod
24	5	NOUN	dobj
24	6	ADP	prep
24	7	NOUN	pobj
24	8	PUNCT	punct
24	9	DET	det
24	10	NOUN	nsubj
24	11	PRON	nsubj
24	12	VERB	relcl
24	13	ADP	prep
24	14	NOUN	pobj
24	15	AUX	ROOT
24	16	ADP	prep
24	17	NOUN	pobj
24	18	ADV	advmod
24	19	ADV	amod
24	20	ADP	prep
24	21	DET	det
24	22	NOUN	pobj
24	23	ADP	prep
24	24	ADV	advmod
24	25	DET	det
24	26	NUM	pobj
24	27	ADP	prep
24	28	DET	det
24	29	PROPN	pobj
24	30	PUNCT	punct
25	0	CCONJ	det
25	1	PROPN	nsubjpass
25	2	PUNCT	punct
25	3	PROPN	appos
25	4	PUNCT	punct
25	5	PROPN	conj
25	6	PUNCT	punct
25	7	PROPN	compound
25	8	PROPN	conj
25	9	PUNCT	punct
25	10	PROPN	compound
25	11	PROPN	conj
25	12	PUNCT	punct
25	13	CCONJ	cc
25	14	PROPN	conj
25	15	AUX	aux
25	16	ADP	prep
25	17	DET	det
25	18	NOUN	pobj
25	19	AUX	auxpass
25	20	VERB	ROOT
25	21	ADP	prep
25	22	DET	det
25	23	NOUN	pobj
25	24	ADP	prep
25	25	PRON	pobj
25	26	PRON	nsubj
25	27	VERB	relcl
25	28	CCONJ	cc
25	29	ADP	prep
25	30	PRON	pobj
25	31	DET	det
25	32	NOUN	nsubj
25	33	ADP	prep
25	34	PRON	poss
25	35	NOUN	pobj
25	36	VERB	conj
25	37	PUNCT	punct
26	0	SCONJ	mark
26	1	PRON	nsubj
26	2	ADV	advmod
26	3	VERB	advcl
26	4	PRON	poss
26	5	NOUN	dobj
26	6	ADP	prep
26	7	DET	det
26	8	NOUN	pobj
26	9	ADP	prep
26	10	DET	det
26	11	NOUN	pobj
26	12	ADP	prep
26	13	NOUN	pobj
26	14	PUNCT	punct
26	15	PRON	nsubjpass
26	16	AUX	aux
26	17	AUX	auxpass
26	18	VERB	ROOT
26	19	ADP	prep
26	20	DET	det
26	21	NOUN	pobj
26	22	ADV	advmod
26	23	ADP	prep
26	24	VERB	pcomp
26	25	NOUN	dobj
26	26	ADP	prep
26	27	ADV	pcomp
26	28	ADP	prep
26	29	DET	det
26	30	NOUN	pobj
26	31	ADP	prep
26	32	NOUN	pobj
26	33	PUNCT	punct
26	34	CCONJ	cc
26	35	ADP	prep
26	36	VERB	pcomp
26	37	PRON	dobj
26	38	ADP	prep
26	39	DET	det
26	40	NOUN	pobj
26	41	ADP	prep
26	42	ADJ	amod
26	43	PUNCT	punct
26	44	ADJ	amod
26	45	PUNCT	punct
26	46	VERB	amod
26	47	PUNCT	punct
26	48	ADJ	amod
26	49	NOUN	pobj
26	50	PUNCT	punct
26	51	DET	det
26	52	ADJ	amod
26	53	NOUN	conj
26	54	ADP	prep
26	55	VERB	pcomp
26	56	NOUN	dobj
26	57	PUNCT	punct
26	58	CCONJ	cc
26	59	DET	det
26	60	ADJ	amod
26	61	NOUN	conj
26	62	ADP	prep
26	63	ADJ	amod
26	64	NOUN	pobj
26	65	CCONJ	cc
26	66	NOUN	conj
26	67	PUNCT	punct
27	0	PRON	nsubj
27	1	ADP	prep
27	2	DET	det
27	3	NOUN	pobj
27	4	PRON	nsubj
27	5	AUX	aux
27	6	VERB	relcl
27	7	ADV	advmod
27	8	ADP	prep
27	9	DET	det
27	10	ADJ	amod
27	11	NOUN	pobj
27	12	ADP	prep
27	13	DET	det
27	14	NOUN	pobj
27	15	VERB	ROOT
27	16	PART	aux
27	17	AUX	aux
27	18	AUX	xcomp
27	19	ADJ	acomp
27	20	ADP	prep
27	21	DET	det
27	22	NOUN	pobj
27	23	PUNCT	punct
27	24	CCONJ	cc
27	25	AUX	aux
27	26	ADV	advmod
27	27	AUX	conj
27	28	ADJ	acomp
27	29	ADV	advmod
27	30	PART	aux
27	31	VERB	xcomp
27	32	ADP	prep
27	33	DET	det
27	34	NOUN	pobj
27	35	ADP	prep
27	36	DET	det
27	37	ADJ	amod
27	38	PROPN	pobj
27	39	ADP	prep
27	40	DET	det
27	41	ADJ	amod
27	42	NOUN	pobj
27	43	PUNCT	punct
28	0	DET	predet
28	1	DET	det
28	2	VERB	amod
28	3	NOUN	nsubj
28	4	PUNCT	punct
28	5	DET	predet
28	6	DET	det
28	7	ADJ	amod
28	8	NOUN	appos
28	9	PUNCT	punct
28	10	AUX	aux
28	11	PUNCT	punct
28	12	ADP	prep
28	13	DET	det
28	14	NOUN	pobj
28	15	ADP	prep
28	16	ADJ	amod
28	17	NOUN	pobj
28	18	PUNCT	punct
28	19	VERB	advcl
28	20	DET	det
28	21	NOUN	dobj
28	22	ADP	prep
28	23	NOUN	pobj
28	24	PRON	nsubj
28	25	VERB	relcl
28	26	PART	neg
28	27	NOUN	dobj
28	28	PART	aux
28	29	VERB	advcl
28	30	PRON	poss
28	31	NOUN	dobj
28	32	ADP	prep
28	33	DET	det
28	34	ADJ	amod
28	35	NOUN	pobj
28	36	ADP	prep
28	37	ADJ	amod
28	38	NOUN	pobj
28	39	PUNCT	punct
28	40	CCONJ	cc
28	41	PRON	nsubj
28	42	AUX	aux
28	43	ADV	neg
28	44	VERB	conj
28	45	DET	det
28	46	NOUN	dobj
28	47	CCONJ	cc
28	48	NOUN	conj
28	49	ADP	prep
28	50	DET	det
28	51	NOUN	pobj
28	52	ADP	prep
28	53	PROPN	pobj
28	54	PUNCT	punct
28	55	VERB	advcl
28	56	DET	det
28	57	NOUN	dobj
28	58	ADP	prep
28	59	DET	det
28	60	NOUN	pobj
28	61	PRON	appos
28	62	ADP	prep
28	63	DET	det
28	64	NOUN	pobj
28	65	PUNCT	punct
28	66	SCONJ	mark
28	67	AUX	aux
28	68	AUX	auxpass
28	69	ADV	advmod
28	70	VERB	advcl
28	71	PUNCT	punct
28	72	PRON	nsubj
28	73	AUX	aux
28	74	AUX	ROOT
28	75	ADJ	acomp
28	76	PART	aux
28	77	VERB	xcomp
28	78	ADV	advmod
28	79	SCONJ	mark
28	80	PUNCT	punct
28	81	ADP	prep
28	82	DET	det
28	83	NOUN	pobj
28	84	ADP	prep
28	85	DET	det
28	86	NOUN	pobj
28	87	PRON	nsubjpass
28	88	AUX	aux
28	89	AUX	auxpass
28	90	ADV	advmod
28	91	ADV	advmod
28	92	VERB	relcl
28	93	SCONJ	prep
28	94	DET	det
28	95	NOUN	pobj
28	96	PUNCT	punct
28	97	PRON	nsubj
28	98	AUX	aux
28	99	ADV	advmod
28	100	VERB	ccomp
28	101	DET	det
28	102	NOUN	dobj
28	103	ADP	prep
28	104	DET	det
28	105	PROPN	pobj
28	106	ADP	prep
28	107	DET	det
28	108	ADJ	advmod
28	109	ADJ	amod
28	110	NOUN	pobj
28	111	ADP	prep
28	112	DET	det
28	113	PROPN	pobj
28	114	PUNCT	punct
28	115	CCONJ	cc
28	116	AUX	aux
28	117	PART	neg
28	118	VERB	conj
28	119	ADP	prep
28	120	PRON	poss
28	121	AUX	auxpass
28	122	PRON	dep
28	123	VERB	pcomp
28	124	ADP	prep
28	125	NUM	nummod
28	126	ADJ	amod
28	127	NOUN	pobj
28	128	PUNCT	punct
29	0	CCONJ	cc
29	1	PRON	nsubj
29	2	AUX	ROOT
29	3	DET	det
29	4	ADJ	amod
29	5	NOUN	attr
29	6	PUNCT	punct
29	7	ADP	prep
29	8	DET	det
29	9	NOUN	pobj
29	10	ADP	prep
29	11	PRON	pobj
29	12	PRON	nsubj
29	13	AUX	relcl
29	14	ADP	prep
29	15	ADJ	amod
29	16	ADJ	acomp
29	17	PUNCT	punct
30	0	ADV	advmod
30	1	ADV	advmod
30	2	AUX	ROOT
30	3	DET	det
30	4	NOUN	nsubj
30	5	ADP	prep
30	6	PROPN	pobj
30	7	ADP	prep
30	8	VERB	pcomp
30	9	ADP	prep
30	10	NOUN	pobj
30	11	ADP	prep
30	12	DET	det
30	13	ADJ	amod
30	14	PROPN	pobj
30	15	ADP	prep
30	16	DET	det
30	17	PROPN	pobj
30	18	PUNCT	punct
30	19	SCONJ	mark
30	20	PRON	nsubj
30	21	ADV	advmod
30	22	VERB	advcl
30	23	ADP	prep
30	24	DET	det
30	25	PROPN	compound
30	26	PROPN	pobj
30	27	ADP	prep
30	28	DET	det
30	29	NOUN	pobj
30	30	ADP	prep
30	31	VERB	pcomp
30	32	DET	det
30	33	NOUN	dobj
30	34	ADP	prep
30	35	ADJ	amod
30	36	NOUN	pobj
30	37	PUNCT	punct
30	38	CCONJ	cc
30	39	VERB	conj
30	40	DET	det
30	41	NOUN	dobj
30	42	ADP	prep
30	43	NOUN	pobj
30	44	ADP	prep
30	45	PRON	pobj
30	46	ADP	prep
30	47	NOUN	pobj
30	48	PUNCT	punct
31	0	PUNCT	punct
31	1	PRON	nsubj
31	2	AUX	ccomp
31	3	ADV	advmod
31	4	ADJ	acomp
31	5	PUNCT	punct
31	6	PUNCT	punct
31	7	PUNCT	punct
31	8	VERB	ROOT
31	9	PROPN	nsubj
31	10	X	punct
31	11	PUNCT	punct
31	12	PUNCT	punct
31	13	SCONJ	mark
31	14	NOUN	nsubjpass
31	15	AUX	aux
31	16	AUX	aux
31	17	AUX	auxpass
31	18	VERB	ccomp
31	19	ADP	prep
31	20	NOUN	pobj
31	21	PART	aux
31	22	VERB	xcomp
31	23	ADV	advmod
31	24	ADP	prep
31	25	DET	det
31	26	NOUN	pobj
31	27	ADP	prep
31	28	DET	det
31	29	ADJ	amod
31	30	NOUN	pobj
31	31	PUNCT	punct
31	32	AUX	aux
31	33	PRON	nsubj
31	34	PART	neg
31	35	VERB	ccomp
31	36	DET	det
31	37	NOUN	dobj
31	38	ADP	prep
31	39	NOUN	pobj
31	40	PRON	nsubj
31	41	VERB	relcl
31	42	DET	predet
31	43	DET	det
31	44	ADJ	amod
31	45	NOUN	dobj
31	46	ADP	prep
31	47	DET	det
31	48	PROPN	pobj
31	49	PUNCT	punct
31	50	ADV	advmod
31	51	ADP	prep
31	52	DET	det
31	53	ADJ	amod
31	54	NOUN	pobj
31	55	ADP	prep
31	56	DET	det
31	57	ADJ	amod
31	58	NOUN	pobj
31	59	PUNCT	punct
32	0	PRON	nsubj
32	1	VERB	ROOT
32	2	DET	det
32	3	PROPN	compound
32	4	PROPN	dobj
32	5	PUNCT	punct
33	0	PUNCT	punct
33	1	DET	det
33	2	NOUN	nsubj
33	3	ADP	prep
33	4	NOUN	pobj
33	5	AUX	ROOT
33	6	DET	det
33	7	NOUN	attr
33	8	ADP	prep
33	9	PRON	pobj
33	10	ADJ	amod
33	11	ADJ	amod
33	12	NOUN	nsubj
33	13	VERB	relcl
33	14	PART	aux
33	15	VERB	xcomp
33	16	NOUN	attr
33	17	ADP	prep
33	18	DET	det
33	19	ADJ	amod
33	20	NOUN	pobj
33	21	PUNCT	punct
33	22	PRON	dobj
33	23	PRON	nsubj
33	24	VERB	relcl
33	25	PART	aux
33	26	VERB	xcomp
33	27	PUNCT	punct
34	0	PRON	nsubj
34	1	AUX	ROOT
34	2	DET	det
34	3	NOUN	attr
34	4	ADP	prep
34	5	NOUN	pobj
34	6	ADP	prep
34	7	NOUN	pobj
34	8	PRON	nsubj
34	9	VERB	relcl
34	10	DET	det
34	11	ADJ	amod
34	12	NUM	dobj
34	13	PUNCT	punct
34	14	ADJ	amod
34	15	ADP	prep
34	16	VERB	pcomp
34	17	PUNCT	punct
34	18	ADP	prep
34	19	NOUN	pobj
34	20	ADP	prep
34	21	ADJ	amod
34	22	NOUN	pobj
34	23	PUNCT	punct
34	24	SCONJ	mark
34	25	PRON	nsubj
34	26	VERB	advcl
34	27	ADP	prep
34	28	DET	predet
34	29	DET	det
34	30	NOUN	pobj
34	31	ADP	prep
34	32	NOUN	pobj
34	33	SCONJ	mark
34	34	PART	aux
34	35	AUX	advcl
34	36	ADJ	acomp
34	37	PART	aux
34	38	VERB	xcomp
34	39	ADP	prep
34	40	DET	det
34	41	NOUN	pobj
34	42	ADP	prep
34	43	DET	det
34	44	PROPN	compound
34	45	NOUN	pobj
34	46	PUNCT	punct
35	0	PUNCT	punct
35	1	DET	det
35	2	NOUN	nsubj
35	3	ADP	prep
35	4	DET	det
35	5	NOUN	pobj
35	6	PUNCT	punct
35	7	ADJ	amod
35	8	PART	aux
35	9	VERB	xcomp
35	10	DET	det
35	11	ADJ	amod
35	12	NOUN	dobj
35	13	PUNCT	punct
35	14	AUX	aux
35	15	VERB	ROOT
35	16	PRON	dobj
35	17	ADP	prep
35	18	DET	det
35	19	ADJ	amod
35	20	NOUN	pobj
35	21	PUNCT	punct
36	0	DET	det
36	1	NOUN	nsubj
36	2	ADP	prep
36	3	DET	det
36	4	NOUN	pobj
36	5	VERB	ROOT
36	6	DET	det
36	7	NOUN	dobj
36	8	ADP	prep
36	9	NOUN	pobj
36	10	PUNCT	punct
37	0	PUNCT	punct
37	1	SCONJ	mark
37	2	DET	det
37	3	ADJ	amod
37	4	NOUN	nsubj
37	5	AUX	aux
37	6	VERB	advcl
37	7	PART	aux
37	8	VERB	xcomp
37	9	DET	det
37	10	PROPN	compound
37	11	PROPN	dobj
37	12	PUNCT	punct
37	13	PRON	nsubjpass
37	14	AUX	aux
37	15	PART	neg
37	16	AUX	auxpass
37	17	VERB	ROOT
37	18	PART	aux
37	19	VERB	xcomp
37	20	DET	det
37	21	ADJ	amod
37	22	NOUN	dobj
37	23	CCONJ	cc
37	24	NOUN	conj
37	25	ADP	prep
37	26	DET	predet
37	27	DET	det
37	28	VERB	amod
37	29	NOUN	pobj
37	30	PUNCT	punct
38	0	AUX	advcl
38	1	PRON	nsubj
38	2	PART	aux
38	3	VERB	xcomp
38	4	ADV	advmod
38	5	ADJ	amod
38	6	NOUN	dobj
38	7	ADP	prep
38	8	NUM	pobj
38	9	PUNCT	punct
38	10	PRON	nsubj
38	11	AUX	aux
38	12	VERB	ROOT
38	13	DET	det
38	14	NOUN	dobj
38	15	PUNCT	punct
39	0	AUX	aux
39	1	PRON	nsubj
39	2	PART	aux
39	3	VERB	xcomp
39	4	DET	det
39	5	NOUN	dobj
39	6	PUNCT	punct
39	7	PRON	mark
39	8	PRON	nsubj
39	9	AUX	aux
39	10	ADV	advmod
39	11	VERB	ccomp
39	12	ADJ	acomp
39	13	AUX	aux
39	14	VERB	ROOT
39	15	PRON	dobj
39	16	ADP	prep
39	17	NOUN	pobj
39	18	ADJ	amod
39	19	ADP	prep
39	20	PRON	pobj
39	21	PRON	dobj
39	22	PRON	nsubj
39	23	AUX	aux
39	24	VERB	relcl
39	25	CCONJ	cc
39	26	VERB	conj
39	27	PRON	dobj
39	28	SCONJ	mark
39	29	PRON	nsubjpass
39	30	AUX	aux
39	31	AUX	auxpass
39	32	VERB	advcl
39	33	ADP	prep
39	34	PRON	poss
39	35	NOUN	pobj
39	36	PUNCT	punct
40	0	PUNCT	punct
40	1	AUX	aux
40	2	DET	det
40	3	ADJ	amod
40	4	NOUN	nsubj
40	5	VERB	ROOT
40	6	ADP	prep
40	7	NUM	pobj
40	8	ADP	prep
40	9	DET	det
40	10	ADJ	amod
40	11	NOUN	pobj
40	12	DET	det
40	13	NOUN	nsubj
40	14	AUX	conj
40	15	ADJ	acomp
40	16	PART	aux
40	17	VERB	xcomp
40	18	PRON	dobj
40	19	PUNCT	punct
41	0	AUX	aux
41	1	VERB	advcl
41	2	ADJ	dobj
41	3	ADP	prep
41	4	NUM	nummod
41	5	NOUN	pobj
41	6	PUNCT	punct
41	7	PRON	nsubjpass
41	8	AUX	auxpass
41	9	VERB	ROOT
41	10	ADP	agent
41	11	PRON	pobj
41	12	PRON	nsubj
41	13	VERB	relcl
41	14	ADJ	acomp
41	15	PUNCT	punct
42	0	DET	det
42	1	NOUN	nsubjpass
42	2	AUX	aux
42	3	AUX	auxpass
42	4	VERB	ccomp
42	5	ADP	prep
42	6	NUM	nummod
42	7	NOUN	pobj
42	8	PUNCT	punct
42	9	CCONJ	cc
42	10	PART	neg
42	11	ADP	conj
42	12	DET	det
42	13	ADJ	pobj
42	14	PUNCT	punct
42	15	DET	det
42	16	NOUN	nsubjpass
42	17	AUX	aux
42	18	AUX	auxpass
42	19	VERB	ROOT
42	20	PUNCT	punct
42	21	CCONJ	cc
42	22	DET	det
42	23	NOUN	nsubj
42	24	VERB	conj
42	25	PRON	poss
42	26	NOUN	dobj
42	27	PUNCT	punct
43	0	PUNCT	punct
43	1	SCONJ	mark
43	2	DET	det
43	3	NOUN	nsubjpass
43	4	AUX	auxpass
43	5	VERB	advcl
43	6	ADP	prep
43	7	ADJ	amod
43	8	NOUN	pobj
43	9	PUNCT	punct
43	10	PRON	nsubj
43	11	VERB	ROOT
43	12	DET	det
43	13	ADJ	amod
43	14	NOUN	dobj
43	15	ADP	prep
43	16	PRON	pobj
43	17	PUNCT	punct
43	18	CCONJ	cc
43	19	ADP	prep
43	20	NOUN	pobj
43	21	ADP	prep
43	22	PRON	poss
43	23	ADJ	amod
43	24	NOUN	pobj
43	25	PUNCT	punct
43	26	PRON	nsubj
43	27	AUX	auxpass
43	28	VERB	conj
43	29	PUNCT	punct
43	30	ADP	prep
43	31	NOUN	pobj
43	32	ADP	prep
43	33	DET	det
43	34	NOUN	pobj
43	35	PUNCT	punct
43	36	ADP	prep
43	37	DET	predet
43	38	DET	det
43	39	NOUN	pobj
43	40	ADP	prep
43	41	ADJ	amod
43	42	NOUN	pobj
43	43	PUNCT	punct
43	44	PUNCT	punct
44	0	PRON	nsubj
44	1	AUX	aux
44	2	VERB	ROOT
44	3	PRON	nsubj
44	4	ADJ	ccomp
44	5	PART	aux
44	6	VERB	advcl
44	7	ADP	prep
44	8	NOUN	pobj
44	9	DET	det
44	10	ADJ	amod
44	11	NOUN	dobj
44	12	PUNCT	punct
44	13	SCONJ	mark
44	14	PRON	nsubj
44	15	VERB	advcl
44	16	DET	det
44	17	ADJ	amod
44	18	NOUN	dobj
44	19	ADP	prep
44	20	DET	det
44	21	ADJ	amod
44	22	NOUN	pobj
44	23	ADP	prep
44	24	NOUN	pobj
44	25	ADP	prep
44	26	DET	det
44	27	PROPN	pobj
44	28	PUNCT	punct
44	29	CCONJ	cc
44	30	AUX	aux
44	31	ADV	advmod
44	32	VERB	conj
44	33	DET	det
44	34	ADJ	amod
44	35	NOUN	dobj
44	36	DET	det
44	37	DET	det
44	38	NOUN	nsubjpass
44	39	ADP	prep
44	40	ADJ	amod
44	41	NOUN	pobj
44	42	ADP	prep
44	43	DET	det
44	44	NOUN	pobj
44	45	AUX	auxpass
44	46	VERB	conj
44	47	PART	aux
44	48	VERB	xcomp
44	49	PUNCT	punct
45	0	PRON	nsubj
45	1	VERB	ROOT
45	2	PUNCT	punct
45	3	ADP	prep
45	4	DET	det
45	5	ADJ	amod
45	6	NOUN	pobj
45	7	PUNCT	punct
45	8	DET	det
45	9	ADJ	amod
45	10	NOUN	dobj
45	11	ADP	prep
45	12	DET	det
45	13	ADV	advmod
45	14	ADJ	amod
45	15	NOUN	pobj
45	16	ADP	prep
45	17	DET	det
45	18	NOUN	pobj
45	19	PUNCT	punct
45	20	PRON	nsubj
45	21	AUX	relcl
45	22	PUNCT	punct
45	23	PART	aux
45	24	VERB	xcomp
45	25	DET	det
45	26	NOUN	dobj
45	27	ADP	prep
45	28	DET	det
45	29	PROPN	pobj
45	30	PART	aux
45	31	VERB	acl
45	32	ADJ	amod
45	33	NOUN	dobj
45	34	CCONJ	cc
45	35	NOUN	conj
45	36	PUNCT	punct
46	0	DET	det
46	1	NOUN	nsubjpass
46	2	PUNCT	punct
46	3	ADV	advmod
46	4	ADJ	amod
46	5	ADP	prep
46	6	ADJ	amod
46	7	PUNCT	punct
46	8	AUX	aux
46	9	AUX	auxpass
46	10	VERB	ROOT
46	11	ADP	prep
46	12	DET	det
46	13	PROPN	pobj
46	14	CCONJ	cc
46	15	DET	det
46	16	NOUN	conj
46	17	ADP	prep
46	18	DET	det
46	19	PROPN	pobj
46	20	PUNCT	punct
47	0	DET	det
47	1	ADJ	amod
47	2	NOUN	nsubjpass
47	3	ADP	prep
47	4	DET	det
47	5	ADJ	pobj
47	6	AUX	auxpass
47	7	VERB	ROOT
47	8	PART	aux
47	9	AUX	xcomp
47	10	PUNCT	punct
47	11	DET	det
47	12	NOUN	appos
47	13	ADP	prep
47	14	PRON	poss
47	15	NOUN	pobj
47	16	ADP	prep
47	17	DET	det
47	18	NOUN	pobj
47	19	ADP	prep
47	20	PRON	poss
47	21	ADJ	amod
47	22	NOUN	pobj
47	23	PUNCT	punct
47	24	ADP	prep
47	25	VERB	pcomp
47	26	ADP	prep
47	27	DET	det
47	28	NOUN	pobj
47	29	ADP	prep
47	30	PRON	pobj
47	31	PRON	nsubjpass
47	32	AUX	auxpass
47	33	VERB	relcl
47	34	PUNCT	punct
48	0	PRON	nsubjpass
48	1	AUX	auxpass
48	2	VERB	ROOT
48	3	SCONJ	mark
48	4	DET	det
48	5	ADJ	amod
48	6	PROPN	nsubj
48	7	AUX	ccomp
48	8	PART	aux
48	9	VERB	xcomp
48	10	DET	det
48	11	NOUN	dobj
48	12	ADP	prep
48	13	DET	det
48	14	NOUN	pobj
48	15	ADP	prep
48	16	ADJ	amod
48	17	NOUN	pobj
48	18	PUNCT	punct
49	0	DET	det
49	1	ADJ	amod
49	2	NOUN	nsubjpass
49	3	ADP	prep
49	4	NOUN	pobj
49	5	ADP	prep
49	6	DET	det
49	7	NOUN	pobj
49	8	AUX	aux
49	9	ADV	advmod
49	10	AUX	auxpass
49	11	VERB	ROOT
49	12	SCONJ	prep
49	13	ADP	prep
49	14	DET	det
49	15	VERB	amod
49	16	NOUN	pobj
49	17	ADP	prep
49	18	DET	det
49	19	ADJ	amod
49	20	NOUN	pobj
49	21	PUNCT	punct
50	0	DET	det
50	1	NOUN	nsubj
50	2	AUX	ccomp
50	3	PUNCT	punct
50	4	ADP	prep
50	5	DET	det
50	6	ADJ	amod
50	7	PUNCT	punct
50	8	ADJ	pobj
50	9	PUNCT	punct
50	10	PRON	nsubjpass
50	11	AUX	auxpass
50	12	VERB	ROOT
50	13	CCONJ	preconj
50	14	ADP	agent
50	15	NOUN	pobj
50	16	CCONJ	cc
50	17	NOUN	conj
50	18	PUNCT	punct
51	0	PRON	nsubj
51	1	AUX	aux
51	2	ADV	advmod
51	3	VERB	ROOT
51	4	PUNCT	punct
51	5	SCONJ	mark
51	6	NOUN	nsubj
51	7	ADP	prep
51	8	DET	det
51	9	NOUN	pobj
51	10	AUX	aux
51	11	ADV	advmod
51	12	VERB	ccomp
51	13	ADP	prep
51	14	DET	det
51	15	NOUN	pobj
51	16	PRON	dobj
51	17	DET	det
51	18	NOUN	nsubj
51	19	VERB	relcl
51	20	NOUN	dobj
51	21	ADP	prep
51	22	PUNCT	punct
51	23	VERB	conj
51	24	PART	aux
51	25	AUX	xcomp
51	26	ADJ	acomp
51	27	ADP	prep
51	28	PRON	poss
51	29	NOUN	pobj
51	30	PUNCT	punct
51	31	CCONJ	cc
51	32	PRON	expl
51	33	AUX	aux
51	34	AUX	conj
51	35	ADP	prep
51	36	ADJ	pobj
51	37	ADP	prep
51	38	PRON	pobj
51	39	ADJ	amod
51	40	NOUN	appos
51	41	ADP	prep
51	42	DET	det
51	43	NOUN	pobj
51	44	PUNCT	punct
51	45	PRON	nsubj
51	46	VERB	relcl
51	47	PART	aux
51	48	VERB	xcomp
51	49	PUNCT	punct
51	50	ADV	advmod
51	51	ADV	advmod
51	52	SCONJ	mark
51	53	NOUN	nsubj
51	54	AUX	aux
51	55	VERB	advcl
51	56	PUNCT	punct
51	57	SCONJ	mark
51	58	PRON	expl
51	59	VERB	advcl
51	60	DET	det
51	61	ADJ	amod
51	62	NOUN	attr
51	63	ADP	prep
51	64	DET	det
51	65	NOUN	pobj
51	66	PUNCT	punct
52	0	CCONJ	cc
52	1	PRON	nsubjpass
52	2	AUX	aux
52	3	AUX	auxpass
52	4	ADV	advmod
52	5	VERB	ROOT
52	6	ADP	prep
52	7	DET	det
52	8	NOUN	pobj
52	9	ADP	prep
52	10	DET	det
52	11	NOUN	pobj
52	12	SCONJ	mark
52	13	ADV	advmod
52	14	ADV	advmod
52	15	SCONJ	mark
52	16	DET	det
52	17	NOUN	nsubj
52	18	VERB	advcl
52	19	ADP	prep
52	20	AUX	aux
52	21	VERB	advcl
52	22	PUNCT	punct
52	23	PRON	nsubj
52	24	AUX	aux
52	25	AUX	ccomp
52	26	DET	det
52	27	NOUN	attr
52	28	ADP	prep
52	29	ADJ	amod
52	30	NOUN	pobj
52	31	CCONJ	cc
52	32	NOUN	conj
52	33	ADP	prep
52	34	DET	det
52	35	NOUN	pobj
52	36	PUNCT	punct
53	0	DET	det
53	1	NOUN	nsubj
53	2	ADP	prep
53	3	DET	det
53	4	PROPN	compound
53	5	PROPN	pobj
53	6	VERB	ROOT
53	7	ADV	advmod
53	8	PART	aux
53	9	AUX	xcomp
53	10	PUNCT	punct
53	11	DET	det
53	12	NOUN	attr
53	13	ADP	prep
53	14	NOUN	pobj
53	15	PUNCT	punct
53	16	PUNCT	punct
53	17	CCONJ	cc
53	18	DET	det
53	19	NOUN	conj
53	20	ADP	prep
53	21	NUM	nummod
53	22	CCONJ	cc
53	23	ADJ	conj
53	24	NOUN	pobj
53	25	ADP	prep
53	26	NUM	nummod
53	27	NOUN	pobj
53	28	PUNCT	punct
54	0	DET	det
54	1	NOUN	nsubj
54	2	PUNCT	punct
54	3	NOUN	conj
54	4	PUNCT	punct
54	5	CCONJ	cc
54	6	NOUN	conj
54	7	ADP	prep
54	8	DET	det
54	9	ADJ	amod
54	10	NOUN	pobj
54	11	AUX	ROOT
54	12	ADJ	amod
54	13	NOUN	attr
54	14	ADP	prep
54	15	NOUN	pobj
54	16	PUNCT	punct
55	0	ADV	advmod
55	1	ADV	advmod
55	2	SCONJ	mark
55	3	DET	det
55	4	ADJ	amod
55	5	NOUN	nsubjpass
55	6	ADP	prep
55	7	DET	det
55	8	NOUN	pobj
55	9	AUX	auxpass
55	10	PART	neg
55	11	VERB	advcl
55	12	PUNCT	punct
55	13	ADV	advmod
55	14	ADV	advmod
55	15	SCONJ	mark
55	16	PRON	nsubj
55	17	VERB	advcl
55	18	PUNCT	punct
55	19	ADP	prep
55	20	DET	det
55	21	ADJ	amod
55	22	NOUN	pobj
55	23	PUNCT	punct
55	24	ADP	prep
55	25	ADJ	amod
55	26	NOUN	pobj
55	27	PUNCT	punct
55	28	SCONJ	mark
55	29	PRON	nsubj
55	30	AUX	aux
55	31	AUX	advcl
55	32	ADP	prep
55	33	ADJ	amod
55	34	NOUN	pobj
55	35	ADP	prep
55	36	DET	det
55	37	ADJ	amod
55	38	NOUN	pobj
55	39	ADP	prep
55	40	DET	det
55	41	NOUN	pobj
55	42	PUNCT	punct
55	43	PRON	nsubj
55	44	AUX	aux
55	45	ADV	advmod
55	46	AUX	ROOT
55	47	PUNCT	punct
55	48	ADP	prep
55	49	NOUN	pobj
55	50	CCONJ	cc
55	51	ADP	conj
55	52	NOUN	pobj
55	53	PUNCT	punct
55	54	DET	det
55	55	NOUN	attr
55	56	ADP	prep
55	57	PROPN	pobj
55	58	PUNCT	punct
55	59	CCONJ	cc
55	60	DET	det
55	61	NOUN	conj
55	62	PUNCT	punct
56	0	DET	det
56	1	ADJ	amod
56	2	PROPN	nsubj
56	3	PUNCT	punct
56	4	ADV	advmod
56	5	ADV	advmod
56	6	ADP	prep
56	7	VERB	pcomp
56	8	DET	det
56	9	NOUN	dobj
56	10	ADP	prep
56	11	DET	det
56	12	NOUN	compound
56	13	NOUN	pobj
56	14	PUNCT	punct
56	15	VERB	ROOT
56	16	PRON	nsubj
56	17	ADJ	amod
56	18	NOUN	ccomp
56	19	ADP	prep
56	20	DET	det
56	21	ADJ	amod
56	22	NOUN	pobj
56	23	PUNCT	punct
56	24	ADP	prep
56	25	VERB	pcomp
56	26	PRON	nsubj
56	27	DET	det
56	28	ADJ	amod
56	29	NOUN	ccomp
56	30	ADP	prep
56	31	DET	det
56	32	PROPN	pobj
56	33	PUNCT	punct
56	34	CCONJ	cc
56	35	VERB	conj
56	36	ADP	prep
56	37	PRON	poss
56	38	NOUN	pobj
56	39	ADJ	amod
56	40	ADJ	amod
56	41	CCONJ	cc
56	42	ADV	advmod
56	43	ADJ	conj
56	44	NOUN	dobj
56	45	ADP	prep
56	46	ADJ	amod
56	47	NOUN	pobj
56	48	PUNCT	punct
57	0	PRON	nsubj
57	1	ADV	advmod
57	2	VERB	ROOT
57	3	PUNCT	punct
57	4	ADP	prep
57	5	DET	det
57	6	ADJ	amod
57	7	NOUN	pobj
57	8	ADP	prep
57	9	DET	det
57	10	NOUN	pobj
57	11	PUNCT	punct
57	12	ADP	prep
57	13	DET	det
57	14	NOUN	pobj
57	15	ADP	prep
57	16	DET	det
57	17	ADJ	amod
57	18	NOUN	pobj
57	19	PUNCT	punct
58	0	ADP	prep
58	1	DET	det
58	2	ADJ	amod
58	3	NOUN	pobj
58	4	PUNCT	punct
58	5	PRON	nsubj
58	6	VERB	relcl
58	7	ADP	prep
58	8	NUM	compound
58	9	PUNCT	punct
58	10	NUM	nummod
58	11	PROPN	pobj
58	12	CCONJ	cc
58	13	NOUN	conj
58	14	PUNCT	punct
58	15	DET	det
58	16	ADJ	nsubjpass
58	17	AUX	auxpass
58	18	VERB	ROOT
58	19	ADP	prep
58	20	NUM	nummod
58	21	NOUN	pobj
58	22	ADP	prep
58	23	DET	det
58	24	PROPN	compound
58	25	PROPN	pobj
58	26	PUNCT	punct
58	27	PRON	appos
58	28	ADP	prep
58	29	DET	det
58	30	ADJ	amod
58	31	NOUN	pobj
58	32	ADP	prep
58	33	NUM	pobj
58	34	PUNCT	punct
58	35	CCONJ	cc
58	36	DET	det
58	37	ADJ	conj
58	38	ADP	prep
58	39	NUM	pobj
58	40	PUNCT	punct
59	0	DET	det
59	1	PROPN	compound
59	2	PROPN	nsubj
59	3	VERB	ROOT
59	4	DET	det
59	5	NOUN	dobj
59	6	ADP	prep
59	7	DET	predet
59	8	DET	det
59	9	NOUN	pobj
59	10	CCONJ	cc
59	11	NOUN	conj
59	12	ADP	prep
59	13	DET	det
59	14	ADJ	amod
59	15	NOUN	pobj
59	16	PUNCT	punct
60	0	PRON	nsubj
60	1	AUX	ROOT
60	2	ADV	advmod
60	3	DET	det
60	4	ADV	amod
60	5	PUNCT	punct
60	6	ADJ	amod
60	7	NOUN	attr
60	8	ADP	prep
60	9	NOUN	pobj
60	10	ADP	prep
60	11	PRON	poss
60	12	ADJ	amod
60	13	NOUN	pobj
60	14	PUNCT	punct
60	15	SCONJ	mark
60	16	SCONJ	mark
60	17	PRON	expl
60	18	VERB	advcl
60	19	DET	det
60	20	NOUN	attr
60	21	PRON	nsubj
60	22	VERB	relcl
60	23	ADV	advmod
60	24	VERB	oprd
60	25	ADP	prep
60	26	DET	det
60	27	ADJ	amod
60	28	NOUN	pobj
60	29	PUNCT	punct
60	30	PRON	nsubj
60	31	AUX	advcl
60	32	DET	det
60	33	NOUN	attr
60	34	ADP	prep
60	35	PRON	poss
60	36	ADJ	amod
60	37	NOUN	pobj
60	38	PUNCT	punct
61	0	CCONJ	cc
61	1	PROPN	nsubj
61	2	PUNCT	punct
61	3	VERB	acl
61	4	ADP	prep
61	5	DET	det
61	6	NOUN	pobj
61	7	PUNCT	punct
61	8	VERB	ROOT
61	9	PUNCT	punct
61	10	PUNCT	punct
61	11	AUX	advcl
61	12	PRON	nsubj
61	13	PART	aux
61	14	VERB	xcomp
61	15	DET	det
61	16	NOUN	dobj
61	17	ADP	prep
61	18	DET	det
61	19	ADJ	amod
61	20	PROPN	compound
61	21	PROPN	pobj
61	22	PUNCT	punct
61	23	PRON	nsubj
61	24	AUX	aux
61	25	AUX	ccomp
61	26	PRON	attr
61	27	ADP	prep
61	28	PROPN	pobj
61	29	PUNCT	punct
61	30	PUNCT	punct
62	0	ADV	advmod
62	1	PRON	nsubj
62	2	VERB	ROOT
62	3	SCONJ	mark
62	4	DET	det
62	5	NOUN	nsubj
62	6	VERB	acl
62	7	SCONJ	prep
62	8	AUX	ccomp
62	9	PART	neg
62	10	ADP	prep
62	11	DET	det
62	12	NOUN	pobj
62	13	ADP	prep
62	14	DET	det
62	15	ADJ	amod
62	16	NOUN	pobj
62	17	PUNCT	punct
62	18	CCONJ	cc
62	19	PRON	nsubjpass
62	20	AUX	aux
62	21	AUX	auxpass
62	22	VERB	conj
62	23	PART	aux
62	24	VERB	xcomp
62	25	PUNCT	punct
62	26	SCONJ	mark
62	27	PRON	nsubj
62	28	AUX	advcl
62	29	DET	det
62	30	ADJ	amod
62	31	NOUN	attr
62	32	ADP	prep
62	33	DET	det
62	34	ADJ	amod
62	35	NOUN	pobj
62	36	PUNCT	punct
62	37	NOUN	dobj
62	38	PUNCT	punct
63	0	X	dep
63	1	NUM	punct
63	2	X	dep
63	3	PUNCT	nmod
63	4	PROPN	ROOT
63	5	ADP	prep
63	6	PROPN	pobj
63	7	NOUN	appos
63	8	PUNCT	punct
63	9	PROPN	compound
63	10	PROPN	compound
63	11	PROPN	npadvmod
63	12	PUNCT	punct
63	13	PROPN	appos
63	14	PROPN	appos
63	15	PROPN	conj
63	16	PUNCT	punct
63	17	PROPN	appos
63	18	PUNCT	punct
64	0	PROPN	compound
64	1	DET	det
64	2	NOUN	ROOT
64	3	PUNCT	punct
